<?xml version="1.0" encoding="UTF-8"?>
<!-- DOCTYPE이 sqlMapConfig인 파일은 iBATIS의 환경을 설정하는 xml 파일이다. -->
<!DOCTYPE sqlMapConfig PUBLIC "-//iBATIS.com//DTD SQL Map Config 2.0//EN"
"http://ibatis.apache.org/dtd/sql-map-config-2.dtd">
<sqlMapConfig>
	<!-- 데이터베이스 연결 정보가 저장된 properties 파일의 경로를 지정한다. -->
	<properties resource="com/koreait/ibatis/db.properties" />
	
	<settings 
		cacheModelsEnabled="true" 
		enhancementEnabled="true"
		lazyLoadingEnabled="true" 
		maxRequests="32" 
		maxSessions="10"
		maxTransactions="5" 
		useStatementNamespaces="false" 
	/>
	
	<!-- parameterClass나 resultClass에 객체 이름을 풀 패키지 이름과 같이 적어야 했다. -->
	<!-- 객체 이름(com.koreait.vo.GuestbookVO)에 별명(vo)을 지정한다. -->
	<typeAlias alias="vo" type="com.koreait.vo.GuestbookVO" />
	
	<transactionManager type="JDBC">
		<dataSource type="SIMPLE">
			<property name="JDBC.Driver" value="${driver}" />
			<property name="JDBC.ConnectionURL" value="${url}" />
			<property name="JDBC.Username" value="${username}" />
			<property name="JDBC.Password" value="${password}" />
		</dataSource>
	</transactionManager>
	
	<!-- 실행할 sql 명령이 저장된 xml 파일의 경로를 지정한다. -->
	<sqlMap resource="com/koreait/ibatis/guestbook.xml" />
</sqlMapConfig>






