<?xml version="1.0" encoding="UTF-8" ?>
<!DOCTYPE configuration PUBLIC "-//mybatis.org//DTD Config 3.0//EN"
"http://mybatis.org/dtd/mybatis-3-config.dtd">
<configuration>

	<!-- DB 연결 정보가 저장된 properties 파일의 위치 -->
	<properties resource="com/koreait/mybatis/db.properties" />
	
	<typeAliases>
		<!-- 풀 패키지 이름이 너무 긴 경우 별명을 지정한다. -->
		<typeAlias type="com.koreait.vo.MvcboardVO" alias="vo"/>
	</typeAliases>
	
	<environments default="development">
		<environment id="development">
			<transactionManager type="JDBC" />
			<dataSource type="POOLED">
				<property name="driver" value="${driver}" />
				<property name="url" value="${url}" />
				<property name="username" value="${username}" />
				<property name="password" value="${password}" />
			</dataSource>
		</environment>
	</environments>
	
	<mappers>
		<!-- DB와 연결한 후 실행할 sql 명령이 저장된 xml 파일의 위치 -->
		<mapper resource="com/koreait/mybatis/mvcboard.xml" />
	</mappers>
	
</configuration>